{
    "mAP_50": 0.75156569480896,
    "mAP_50_95": 0.463033527135849,
    "precision": 0.463033527135849,
    "recall": 0.5689422488212585,
    "fps": 8.886292639195677,
    "latency_ms": 112.53286838531494,
    "total_training_time_seconds": 34832.790731430054,
    "per_class_ap": {
        "aeroplane": 0.5280917882919312,
        "bicycle": 0.5014168620109558,
        "bird": 0.4476052522659302,
        "boat": 0.3147290050983429,
        "bottle": 0.3625110685825348,
        "bus": 0.6158632040023804,
        "car": 0.4928208887577057,
        "cat": 0.5876995921134949,
        "chair": 0.3044053614139557,
        "cow": 0.4636433720588684,
        "diningtable": 0.3600870966911316,
        "dog": 0.5674729943275452,
        "horse": 0.5382621884346008,
        "motorbike": 0.5043436884880066,
        "person": 0.5007801055908203,
        "pottedplant": 0.27455592155456543,
        "sheep": 0.493133008480072,
        "sofa": 0.42935511469841003,
        "train": 0.4858037233352661,
        "tvmonitor": 0.4880899488925934
    }
}