{
  "train_loss": [
    3.101991547298052,
    1.4661832237230112,
    1.2452144626187438,
    1.1822424063893762,
    1.1526381649258866,
    1.1362864491886744,
    1.1236993563168431,
    1.1135425370975627,
    1.10821568769599,
    1.1012152236067119,
    1.0977111874081613,
    1.0970291546432218,
    1.0921368387393962,
    1.0909877109432815,
    1.0890107256048853,
    1.0866571585946567,
    1.0859249452512958
  ],
  "train_acc": [
    38.03109360025556,
    90.81744933091967,
    95.91275334540163,
    97.2349412558123,
    97.82770737940581,
    98.18798140063181,
    98.4861392113016,
    98.66538884747808,
    98.74702729563766,
    98.85883647463884,
    98.90675469421078,
    98.97064565364,
    99.05050935292657,
    99.08422958151422,
    99.1090760657367,
    99.12859830334007,
    99.16764277854683
  ],
  "val_loss": [
    2.458790600299835,
    1.7527750134468079,
    1.5099074095487595,
    1.4309011399745941,
    1.366900771856308,
    1.3539994657039642,
    1.3393352776765823,
    1.2941531091928482,
    1.282928690314293,
    1.2835480719804764,
    1.2748215794563293,
    1.2805602997541428,
    1.274828627705574,
    1.273602619767189,
    1.2837603986263275,
    1.276212826371193,
    1.2773486524820328
  ],
  "val_acc": [
    35.68627450980392,
    55.68627450980392,
    62.745098039215684,
    69.41176470588235,
    72.54901960784314,
    70.58823529411765,
    72.15686274509804,
    74.50980392156863,
    74.90196078431373,
    73.33333333333333,
    76.07843137254902,
    76.47058823529412,
    74.50980392156863,
    74.90196078431373,
    75.29411764705883,
    75.29411764705883,
    75.29411764705883
  ]
}