{
  "train_loss": [
    2.6223348683585646,
    1.2618015813096835,
    1.1580548226901,
    1.1183268622020588,
    1.1006374248852118,
    1.0959906350740916,
    1.0841512998035356,
    1.0778529326707362,
    1.071920900217656,
    1.0671439636308409,
    1.063621379122155,
    1.06065773233247,
    1.0585887783231314,
    1.0575030922348465,
    1.0530788773305029,
    1.0524831247113213,
    1.0504690153644791,
    1.050172918500478,
    1.0523927999273466,
    1.0491346144513836
  ],
  "train_acc": [
    52.60888084336066,
    94.55507045753025,
    96.77883079544245,
    97.7087992049125,
    98.09746920810706,
    98.36368153906221,
    98.66716359635112,
    98.83576473928939,
    98.9954921378625,
    99.13214780108615,
    99.23508323572214,
    99.3610904057076,
    99.38771163880311,
    99.40545912753346,
    99.54566428850318,
    99.51726830653462,
    99.62020374117063,
    99.62730273666276,
    99.61487949455152,
    99.63972597877401
  ],
  "val_loss": [
    2.08588182926178,
    1.514912873506546,
    1.3599165081977844,
    1.281222015619278,
    1.2725348472595215,
    1.2658263742923737,
    1.3117439150810242,
    1.2687225639820099,
    1.2817280888557434,
    1.3197842836380005,
    1.259745568037033,
    1.2706016898155212,
    1.2848068475723267,
    1.3334533870220184,
    1.2866872549057007,
    1.2864801287651062,
    1.3058515191078186,
    1.3050930500030518,
    1.3035833835601807,
    1.3028861582279205
  ],
  "val_acc": [
    40.3921568627451,
    65.09803921568627,
    70.58823529411765,
    72.54901960784314,
    75.29411764705883,
    74.50980392156863,
    72.94117647058823,
    74.11764705882354,
    75.68627450980392,
    72.15686274509804,
    73.72549019607844,
    76.07843137254902,
    76.07843137254902,
    74.90196078431373,
    76.47058823529412,
    75.29411764705883,
    72.94117647058823,
    74.11764705882354,
    74.11764705882354,
    73.72549019607844
  ]
}