{
    "mAP_50": 0.010066489689052105,
    "fps": 24.079596300438762,
    "latency_ms": 41.52893543243408,
    "train_time_min": 248.63832536935806,
    "per_class_ap": {
        "aeroplane": 0.00935059692710638,
        "bicycle": 0.0,
        "bird": 6.419570127036422e-05,
        "boat": 5.527243956748862e-06,
        "bottle": 6.247553301363951e-06,
        "bus": 0.0,
        "car": 0.003046927973628044,
        "cat": 0.019677720963954926,
        "chair": 0.0006410593050532043,
        "cow": 0.0,
        "diningtable": 0.0013556454796344042,
        "dog": 0.013046059757471085,
        "horse": 0.0,
        "motorbike": 0.0,
        "person": 0.008989157155156136,
        "pottedplant": 0.0,
        "sheep": 0.0004788236692547798,
        "sofa": 0.0,
        "train": 0.0,
        "tvmonitor": 0.0
    }
}