{
  "train_loss": [
    2.0208434149348466,
    1.5042512969619404,
    1.373640532547836,
    1.3080577282709265,
    1.2665528476173673,
    1.233134145661785,
    1.2088882806887478,
    1.1936605171031063,
    1.1761189923901212,
    1.1652863315616373,
    1.1577643097932264,
    1.1502202071838752,
    1.145052146033373,
    1.1419876472921568,
    1.1375940686186627,
    1.135280582073063,
    1.1366206339095293,
    1.1351225538217622,
    1.130474924395428,
    1.1318604887371333
  ],
  "train_acc": [
    61.98008399945807,
    82.62769272456306,
    88.19604389649099,
    90.70586641376507,
    92.21650182902046,
    93.74068554396423,
    94.58068012464436,
    95.1361604118683,
    95.66115702479338,
    95.8982522693402,
    96.17260533803008,
    96.42324888226528,
    96.5079257553177,
    96.7585692995529,
    96.87372984690421,
    96.80598834846226,
    96.97534209456713,
    96.91437474596938,
    97.03630944316488,
    96.94485842026825
  ],
  "val_loss": [
    1.4664151288312057,
    1.3310314273012096,
    1.2574269663670967,
    1.216575090227456,
    1.1832570423339974,
    1.164344249614354,
    1.1415237260275874,
    1.1373716454053748,
    1.1174863787560627,
    1.1104091112983638,
    1.1002921056130837,
    1.0959190556715275,
    1.0936794764009015,
    1.0913163336186573,
    1.0887806143226295,
    1.0863331535766865,
    1.0857359998185059,
    1.0864948054839825,
    1.086013046318087,
    1.0861135037808582
  ],
  "val_acc": [
    79.62059620596206,
    87.47967479674796,
    90.8130081300813,
    93.4959349593496,
    93.90243902439023,
    94.49864498644986,
    95.47425474254743,
    95.82655826558265,
    96.4769647696477,
    96.85636856368563,
    97.0460704607046,
    96.93766937669378,
    97.12737127371274,
    97.20867208672087,
    97.23577235772358,
    97.42547425474255,
    97.37127371273712,
    97.45257452574526,
    97.42547425474255,
    97.42547425474255
  ]
}